EmployeeId,FirtsName,LastName,Email,Age
E0001,Tomi,Morley,tmorley0@t-online.de,Female
E0002,Karlan,Cottage,kcottage1@fc2.com,Male
E0003,Graehme,Sears,gsears2@cloudflare.com,Male
E0004,Nelly,Bresnahan,nbresnahan3@cocolog-nifty.com,Female
E0005,Bobby,Akehurst,bakehurst4@latimes.com,Female
E0006,Marvin,Bridgens,mbridgens5@utexas.edu,Male
E0007,Riobard,McIlwraith,rmcilwraith6@dailymail.co.uk,Male
E0008,Lavina,Younger,lyounger7@pen.io,Female
E0009,Demetri,Roseblade,droseblade8@about.me,Male
E0010,Zeb,Cumberland,zcumberland9@google.es,Male
E0011,Marcellina,Curtis,mcurtisa@hexun.com,Female
E0012,Viviene,Rowbottom,vrowbottomb@t.co,Female
E0013,Gill,Davey,gdaveyc@mozilla.com,Male
E0014,Kyle,O'Lynn,kolynnd@moonfruit.com,Female
E0015,Nanette,Gasquoine,ngasquoinee@sourceforge.net,Female
E0016,Perceval,Polsin,ppolsinf@lulu.com,Male
E0017,Terri,Neem,tneemg@uol.com.br,Female
E0018,Othilia,Kneeland,okneelandh@multiply.com,Female
E0019,Loren,Ebbetts,lebbettsi@eepurl.com,Female
E0020,Kessiah,Polin,kpolinj@qq.com,Female
E0021,Florina,Tadgell,ftadgellk@samsung.com,Female
E0022,Clemmie,Cochran,ccochranl@admin.ch,Male
E0023,Odilia,Nott,onottm@fema.gov,Female
E0024,Margalo,Pitts,mpittsn@smugmug.com,Female
E0025,Sandy,Kesby,skesbyo@is.gd,Male
E0026,Cece,Larciere,clarcierep@webeden.co.uk,Male
E0027,Rubie,Haywood,rhaywoodq@360.cn,Female
E0028,Anneliese,Durkin,adurkinr@who.int,Female
E0029,Ariadne,Gilardengo,agilardengos@narod.ru,Female
E0030,Jay,Le Frank,jlefrankt@trellian.com,Male
E0031,Sharline,McKeown,smckeownu@umich.edu,Female
E0032,Seana,Bedingfield,sbedingfieldv@cafepress.com,Female
E0033,Andonis,Shingfield,ashingfieldw@artisteer.com,Male
E0034,Gaven,Esposi,gesposix@scientificamerican.com,Male
E0035,Archibaldo,Pinnion,apinniony@yale.edu,Male
E0036,Tyrone,Mollnar,tmollnarz@marriott.com,Male
E0037,Jodie,Celloni,jcelloni10@europa.eu,Male
E0038,Allan,Piche,apiche11@trellian.com,Male
E0039,Carlene,Odcroft,codcroft12@yelp.com,Female
E0040,Ernesta,Coldwell,ecoldwell13@who.int,Female
E0041,Samaria,Di Napoli,sdinapoli14@opera.com,Female
E0042,Myrlene,Craisford,mcraisford15@admin.ch,Female
E0043,Marianna,Zorzini,mzorzini16@artisteer.com,Female
E0044,Crin,Brashaw,cbrashaw17@sfgate.com,Female
E0045,Tabb,Magovern,tmagovern18@apache.org,Male
E0046,Stafani,Gallard,sgallard19@archive.org,Female
E0047,Cammy,Daborn,cdaborn1a@youku.com,Female
E0048,Ardine,Abercrombie,aabercrombie1b@tinypic.com,Female
E0049,Conny,Naisby,cnaisby1c@digg.com,Female
E0050,Roxane,Sambiedge,rsambiedge1d@ovh.net,Female
E0051,Aluino,Stoffersen,astoffersen1e@nymag.com,Male
E0052,Georgeanne,Daintree,gdaintree1f@google.com.au,Female
E0053,Joye,Bradlaugh,jbradlaugh1g@posterous.com,Female
E0054,June,Strapp,jstrapp1h@fda.gov,Female
E0055,Bord,Vernham,bvernham1i@github.com,Male
E0056,Trev,Wyer,twyer1j@nsw.gov.au,Male
E0057,Galina,Rasmus,grasmus1k@seattletimes.com,Female
E0058,Aile,Crocumbe,acrocumbe1l@plala.or.jp,Female
E0059,Joey,Jessop,jjessop1m@hostgator.com,Female
E0060,Vicki,Croley,vcroley1n@a8.net,Female
E0061,Amble,Clerke,aclerke1o@list-manage.com,Male
E0062,Blisse,Milborn,bmilborn1p@bigcartel.com,Female
E0063,Sibyl,Starten,sstarten1q@techcrunch.com,Male
E0064,Bartholemy,Terrans,bterrans1r@altervista.org,Male
E0065,Daniela,Paddemore,dpaddemore1s@answers.com,Female
E0066,Barde,Haggett,bhaggett1t@t.co,Male
E0067,Wini,Braxton,wbraxton1u@ycombinator.com,Female
E0068,Shanda,Bernet,sbernet1v@homestead.com,Female
E0069,Lori,Tonn,ltonn1w@meetup.com,Female
E0070,Livy,Sked,lsked1x@so-net.ne.jp,Female
E0071,Ali,Wiper,awiper1y@cloudflare.com,Female
E0072,Chantal,Dorricott,cdorricott1z@hhs.gov,Female
E0073,Quillan,De Lisle,qdelisle20@washington.edu,Male
E0074,Corbet,Vickors,cvickors21@dyndns.org,Male
E0075,Roberta,Fansy,rfansy22@goo.ne.jp,Female
E0076,Niall,Busby,nbusby23@ustream.tv,Male
E0077,Carey,Nafziger,cnafziger24@sciencedaily.com,Male
E0078,Ervin,Espinheira,eespinheira25@washington.edu,Male
E0079,Ambrosius,Shinefield,ashinefield26@unblog.fr,Male
E0080,Brandtr,Bresland,bbresland27@google.nl,Male
E0081,Tibold,Swinney,tswinney28@dell.com,Male
E0082,Albina,Biglin,abiglin29@acquirethisname.com,Female
E0083,Jule,O'Doherty,jodoherty2a@amazon.co.uk,Male
E0084,Valene,Wrathall,vwrathall2b@dropbox.com,Female
E0085,Ralph,Killough,rkillough2c@prnewswire.com,Male
E0086,Kilian,Pendry,kpendry2d@pen.io,Male
E0087,Ingemar,Esparza,iesparza2e@nydailynews.com,Male
E0088,Ruthe,Grimoldby,rgrimoldby2f@bbc.co.uk,Female
E0089,Maxie,McOrkil,mmcorkil2g@reference.com,Female
E0090,Robinet,Ierland,rierland2h@smugmug.com,Female
E0091,Gordon,Andrivot,gandrivot2i@earthlink.net,Male
E0092,Tremaine,Soda,tsoda2j@liveinternet.ru,Male
E0093,Briny,Jellicorse,bjellicorse2k@simplemachines.org,Female
E0094,Shannon,Harvett,sharvett2l@hugedomains.com,Male
E0095,Shanan,Moggach,smoggach2m@upenn.edu,Male
E0096,Karlotta,Casaro,kcasaro2n@wordpress.com,Female
E0097,Tommie,Trewman,ttrewman2o@google.com.br,Female
E0098,Engracia,Tubb,etubb2p@dmoz.org,Female
E0099,Brice,Pankhurst.,bpankhurst2q@wunderground.com,Male
E0100,Jerad,Simmonds,jsimmonds2r@weebly.com,Male